{
    "rmse": 5.097725281645441,
    "mae": 3.446043822467383,
    "r2": 0.7077909273806091
}